linhagem;sexo;dia;peso_g;ganho_diario_g;ganho_medio_diario_g;conversao_alimentar_acumulada;consumo_diario_racao_g;consumo_acumulado_racao_g
cobb_500;misto;0;42;0;0;0;0;0
cobb_500;misto;1;55;13;0;0;0;0
cobb_500;misto;2;71;16;0;0;0;0
cobb_500;misto;3;90;19;0;0;0;0
cobb_500;misto;4;112;22;0;0;0;0
cobb_500;misto;5;138;26;0;0;0;0
cobb_500;misto;6;168;30;0;0;0;0
cobb_500;misto;7;202;34;22.9;0.891;0;180
cobb_500;misto;8;240;38;24.8;0.917;40;220
cobb_500;misto;9;283;43;26.8;0.933;44;264
cobb_500;misto;10;330;47;28.8;0.952;50;314
cobb_500;misto;11;382;52;30.9;0.971;57;371
cobb_500;misto;12;440;58;33.2;0.991;64;435
cobb_500;misto;13;503;63;35.5;1.012;73;508
cobb_500;misto;14;570;67;37.7;1.029;80;588
cobb_500;misto;15;639;69;39.8;1.050;84;672
cobb_500;misto;16;711;72;41.8;1.072;91;763
cobb_500;misto;17;786;75;43.8;1.094;98;861
cobb_500;misto;18;864;78;45.7;1.116;105;966
cobb_500;misto;19;945;81;47.5;1.138;111;1077
cobb_500;misto;20;1029;84;49.4;1.160;118;1195
cobb_500;misto;21;1116;87;51.1;1.182;125;1320
cobb_500;misto;22;1205;89;52.9;1.203;131;1451
cobb_500;misto;23;1296;91;54.5;1.224;137;1588
cobb_500;misto;24;1390;94;56.2;1.245;143;1731
cobb_500;misto;25;1486;96;57.8;1.265;149;1880
cobb_500;misto;26;1583;97;59.3;1.284;154;2034
cobb_500;misto;27;1682;99;60.7;1.303;160;2194
cobb_500;misto;28;1783;101;62.2;1.322;165;2359
cobb_500;misto;29;1886;103;63.6;1.340;169;2528
cobb_500;misto;30;1989;103;64.9;1.358;174;2702
cobb_500;misto;31;2094;105;66.2;1.375;178;2880
cobb_500;misto;32;2200;106;67.4;1.392;183;3063
cobb_500;misto;33;2306;106;68.6;1.409;187;3250
cobb_500;misto;34;2413;107;69.7;1.425;191;3441
cobb_500;misto;35;2521;108;70.8;1.441;194;3635
cobb_500;misto;36;2629;108;71.9;1.457;198;3833
cobb_500;misto;37;2738;109;72.9;1.474;202;4035
cobb_500;misto;38;2846;108;73.8;1.490;206;4241
cobb_500;misto;39;2954;108;74.7;1.506;209;4450
cobb_500;misto;40;3062;108;75.5;1.522;213;4663
cobb_500;misto;41;3170;108;76.3;1.539;217;4880
cobb_500;misto;42;3278;108;77.1;1.555;220;5100
cobb_500;misto;43;3384;106;77.7;1.573;224;5324
cobb_500;misto;44;3490;106;78.4;1.590;228;5552
cobb_500;misto;45;3595;105;79.0;1.608;232;5784
cobb_500;misto;46;3699;104;79.5;1.627;236;6020
cobb_500;misto;47;3801;102;80.0;1.646;239;6259
cobb_500;misto;48;3902;101;80.4;1.666;243;6502
cobb_500;misto;49;4001;99;80.8;1.686;247;6749
cobb_500;misto;50;4099;98;81.1;1.707;250;6999
cobb_500;misto;51;4195;96;81.4;1.728;253;7252
cobb_500;misto;52;4289;94;81.7;1.750;256;7508
cobb_500;misto;53;4380;91;81.9;1.772;258;7766
cobb_500;misto;54;4470;90;82.0;1.795;260;8026
cobb_500;misto;55;4557;87;82.1;1.818;261;8287
cobb_500;misto;56;4641;84;82.1;1.842;262;8549
cobb_500;macho;0;42;0;0;0;0;0
cobb_500;macho;1;56;14;0;0;0;0
cobb_500;macho;2;72;16;0;0;0;0
cobb_500;macho;3;92;20;0;0;0;0
cobb_500;macho;4;114;22;0;0;0;0
cobb_500;macho;5;141;27;0;0;0;0
cobb_500;macho;6;171;30;0;0;0;0
cobb_500;macho;7;205;34;23.3;0.883;0;182
cobb_500;macho;8;244;39;25.3;0.906;40;222
cobb_500;macho;9;289;45;27.4;0.920;45;267
cobb_500;macho;10;339;50;29.7;0.938;52;319
cobb_500;macho;11;395;56;32.1;0.957;60;379
cobb_500;macho;12;457;62;34.6;0.976;68;447
cobb_500;macho;13;525;68;37.2;0.998;78;525
cobb_500;macho;14;603;78;40.1;1.018;90;615
cobb_500;macho;15;677;74;42.3;1.039;89;704
cobb_500;macho;16;754;77;44.5;1.060;96;800
cobb_500;macho;17;834;80;46.6;1.081;103;903
cobb_500;macho;18;918;84;48.7;1.102;110;1013
cobb_500;macho;19;1005;87;50.7;1.124;117;1130
cobb_500;macho;20;1095;90;52.7;1.145;124;1254
cobb_500;macho;21;1188;93;54.6;1.166;131;1385
cobb_500;macho;22;1284;96;56.5;1.186;138;1523
cobb_500;macho;23;1382;98;58.3;1.206;144;1667
cobb_500;macho;24;1482;100;60.0;1.226;151;1818
cobb_500;macho;25;1585;103;61.7;1.246;157;1975
cobb_500;macho;26;1690;105;63.4;1.265;162;2137
cobb_500;macho;27;1796;106;65.0;1.283;168;2305
cobb_500;macho;28;1904;108;66.5;1.301;173;2478
cobb_500;macho;29;2014;110;68.0;1.319;178;2656
cobb_500;macho;30;2125;111;69.4;1.336;183;2839
cobb_500;macho;31;2237;112;70.8;1.353;188;3027
cobb_500;macho;32;2350;113;72.1;1.369;192;3219
cobb_500;macho;33;2464;114;73.4;1.386;196;3415
cobb_500;macho;34;2579;115;74.6;1.402;200;3615
cobb_500;macho;35;2694;115;75.8;1.417;204;3819
cobb_500;macho;36;2810;116;76.9;1.433;208;4027
cobb_500;macho;37;2926;116;78.0;1.449;212;4239
cobb_500;macho;38;3042;116;79.0;1.464;215;4454
cobb_500;macho;39;3158;116;79.9;1.480;219;4673
cobb_500;macho;40;3274;116;80.8;1.496;223;4896
cobb_500;macho;41;3389;115;81.6;1.512;226;5122
cobb_500;macho;42;3503;114;82.4;1.528;230;5352
cobb_500;macho;43;3617;114;83.1;1.544;234;5586
cobb_500;macho;44;3730;113;83.8;1.561;237;5823
cobb_500;macho;45;3842;112;84.4;1.579;241;6064
cobb_500;macho;46;3952;110;85.0;1.597;245;6309
cobb_500;macho;47;4062;110;85.5;1.615;248;6557
cobb_500;macho;48;4169;107;86.0;1.633;252;6809
cobb_500;macho;49;4275;106;86.4;1.653;255;7064
cobb_500;macho;50;4379;104;86.7;1.672;258;7322
cobb_500;macho;51;4481;102;87.0;1.693;261;7583
cobb_500;macho;52;4580;99;87.3;1.713;263;7846
cobb_500;macho;53;4677;97;87.5;1.734;265;8111
cobb_500;macho;54;4772;95;87.6;1.755;266;8377
cobb_500;macho;55;4864;92;87.7;1.777;266;8643
cobb_500;macho;56;4953;89;87.7;1.799;266;8909
cobb_500;femea;0;42;0;0;0;0;0
cobb_500;femea;1;54;12;0;0;0;0
cobb_500;femea;2;70;16;0;0;0;0
cobb_500;femea;3;88;18;0;0;0;0
cobb_500;femea;4;110;22;0;0;0;0
cobb_500;femea;5;135;25;0;0;0;0
cobb_500;femea;6;165;30;0;0;0;0
cobb_500;femea;7;199;34;22.4;0.884;0;176
cobb_500;femea;8;236;37;24.3;0.915;40;216
cobb_500;femea;9;276;40;26.0;0.935;42;258
cobb_500;femea;10;320;44;27.8;0.956;48;306
cobb_500;femea;11;369;49;29.7;0.976;54;360
cobb_500;femea;12;421;52;31.6;0.998;60;420
cobb_500;femea;13;478;57;33.5;1.019;67;487
cobb_500;femea;14;537;59;35.4;1.041;72;559
cobb_500;femea;15;601;64;37.3;1.063;80;639
cobb_500;femea;16;667;66;39.1;1.086;86;725
cobb_500;femea;17;737;70;40.9;1.109;93;818
cobb_500;femea;18;810;73;42.7;1.132;99;917
cobb_500;femea;19;885;75;44.4;1.155;106;1023
cobb_500;femea;20;963;78;46.1;1.178;112;1135
cobb_500;femea;21;1043;80;47.7;1.200;118;1253
cobb_500;femea;22;1126;83;49.3;1.222;124;1377
cobb_500;femea;23;1210;84;50.8;1.244;130;1507
cobb_500;femea;24;1297;87;52.3;1.265;136;1643
cobb_500;femea;25;1386;89;53.8;1.286;141;1784
cobb_500;femea;26;1477;91;55.2;1.306;146;1930
cobb_500;femea;27;1569;92;56.6;1.326;151;2081
cobb_500;femea;28;1662;93;57.9;1.346;156;2237
cobb_500;femea;29;1757;95;59.1;1.364;161;2398
cobb_500;femea;30;1853;96;60.4;1.383;165;2563
cobb_500;femea;31;1951;98;61.6;1.400;169;2732
cobb_500;femea;32;2049;98;62.7;1.418;173;2905
cobb_500;femea;33;2148;99;63.8;1.435;177;3082
cobb_500;femea;34;2248;100;64.9;1.452;181;3263
cobb_500;femea;35;2348;100;65.9;1.469;185;3448
cobb_500;femea;36;2448;100;66.8;1.486;188;3636
cobb_500;femea;37;2549;101;67.8;1.502;192;3828
cobb_500;femea;38;2650;101;68.6;1.519;196;4024
cobb_500;femea;39;2751;101;69.5;1.535;199;4223
cobb_500;femea;40;2852;101;70.3;1.552;203;4426
cobb_500;femea;41;2952;100;71.0;1.570;207;4633
cobb_500;femea;42;3052;100;71.7;1.587;210;4843
cobb_500;femea;43;3151;99;72.3;1.605;214;5057
cobb_500;femea;44;3250;99;72.9;1.623;218;5275
cobb_500;femea;45;3348;98;73.5;1.642;222;5497
cobb_500;femea;46;3445;97;74.0;1.662;226;5723
cobb_500;femea;47;3540;95;74.4;1.682;230;5953
cobb_500;femea;48;3635;95;74.9;1.703;234;6187
cobb_500;femea;49;3728;93;75.2;1.724;238;6425
cobb_500;femea;50;3819;91;75.5;1.746;242;6667
cobb_500;femea;51;3909;90;75.8;1.769;245;6912
cobb_500;femea;52;3997;88;76.1;1.792;249;7161
cobb_500;femea;53;4083;86;76.3;1.816;252;7413
cobb_500;femea;54;4167;84;76.4;1.840;254;7667
cobb_500;femea;55;4249;82;76.5;1.865;256;7923
cobb_500;femea;56;4329;80;76.6;1.890;257;8180
ross_308;misto;0;44;0;0;0;0;0
ross_308;misto;1;62;18;0;0;0;12
ross_308;misto;2;80;19;0;0;16;28
ross_308;misto;3;101;21;0;0;20;48
ross_308;misto;4;125;24;0;0;24;71
ross_308;misto;5;151;27;0;0;27;98
ross_308;misto;6;181;30;0;0;31;130
ross_308;misto;7;214;33;24;0.772;35;165
ross_308;misto;8;250;36;26;0.818;39;204
ross_308;misto;9;289;40;27;0.857;44;248
ross_308;misto;10;333;43;29;0.891;48;296
ross_308;misto;11;379;47;31;0.921;53;349
ross_308;misto;12;429;50;32;0.948;58;407
ross_308;misto;13;483;54;34;0.972;63;469
ross_308;misto;14;540;57;35;0.995;68;537
ross_308;misto;15;601;61;37;1.016;73;610
ross_308;misto;16;665;64;39;1.036;79;689
ross_308;misto;17;732;67;41;1.056;84;773
ross_308;misto;18;803;71;42;1.075;90;863
ross_308;misto;19;876;74;44;1.094;96;959
ross_308;misto;20;953;77;45;1.112;101;1060
ross_308;misto;21;1033;80;47;1.130;107;1167
ross_308;misto;22;1115;82;49;1.148;113;1280
ross_308;misto;23;1200;85;50;1.166;119;1400
ross_308;misto;24;1287;87;52;1.185;125;1525
ross_308;misto;25;1377;90;53;1.203;131;1655
ross_308;misto;26;1468;92;55;1.221;137;1792
ross_308;misto;27;1562;94;56;1.239;142;1935
ross_308;misto;28;1657;95;58;1.257;148;2083
ross_308;misto;29;1754;97;59;1.275;154;2236
ross_308;misto;30;1853;98;60;1.293;159;2396
ross_308;misto;31;1952;100;62;1.312;164;2560
ross_308;misto;32;2053;101;63;1.330;170;2730
ross_308;misto;33;2154;102;64;1.349;175;2904
ross_308;misto;34;2257;102;65;1.367;180;3084
ross_308;misto;35;2360;103;66;1.386;184;3268
ross_308;misto;36;2463;103;67;1.404;189;3457
ross_308;misto;37;2567;104;68;1.423;193;3650
ross_308;misto;38;2671;104;69;1.441;197;3848
ross_308;misto;39;2775;104;70;1.460;201;4049
ross_308;misto;40;2879;104;71;1.479;205;4254
ross_308;misto;41;2982;104;72;1.497;209;4463
ross_308;misto;42;3086;103;72;1.516;212;4674
ross_308;misto;43;3189;103;73;1.535;215;4890
ross_308;misto;44;3291;102;74;1.553;218;5108
ross_308;misto;45;3393;102;74;1.572;221;5328
ross_308;misto;46;3493;101;75;1.591;223;5552
ross_308;misto;47;3594;100;76;1.609;226;5778
ross_308;misto;48;3693;99;76;1.628;228;6005
ross_308;misto;49;3791;98;76;1.646;230;6235
ross_308;misto;50;3888;97;77;1.665;232;6467
ross_308;misto;51;3984;96;77;1.684;233;6700
ross_308;misto;52;4079;95;78;1.702;235;6935
ross_308;misto;53;4173;94;78;1.721;236;7171
ross_308;misto;54;4265;92;78;1.739;237;7408
ross_308;misto;55;4356;91;78;1.757;238;7646
ross_308;misto;56;4446;90;79;1.776;239;7884
ross_308;macho;0;44;0;0;0;0;0
ross_308;macho;1;61;18;0;0;0;11
ross_308;macho;2;79;18;0;0;15;26
ross_308;macho;3;100;21;0;0;19;45
ross_308;macho;4;124;24;0;0;23;67
ross_308;macho;5;150;27;27;0;0;94
ross_308;macho;6;180;30;0;0;31;125
ross_308;macho;7;213;33;24;0.752;35;160
ross_308;macho;8;250;37;26;0.801;40;200
ross_308;macho;9;290;40;27;0.843;44;245
ross_308;macho;10;334;44;29;0.879;49;294
ross_308;macho;11;382;48;31;0.912;54;348
ross_308;macho;12;434;52;33;0.940;60;408
ross_308;macho;13;489;55;34;0.967;65;473
ross_308;macho;14;549;59;36;0.991;71;543
ross_308;macho;15;612;63;38;1.013;76;620
ross_308;macho;16;679;67;40;1.034;82;702
ross_308;macho;17;749;71;42;1.054;88;790
ross_308;macho;18;824;74;43;1.074;94;884
ross_308;macho;19;901;78;45;1.093;101;985
ross_308;macho;20;983;81;47;1.111;107;1092
ross_308;macho;21;1067;85;49;1.129;113;1205
ross_308;macho;22;1155;88;51;1.147;120;1325
ross_308;macho;23;1246;91;52;1.165;126;1452
ross_308;macho;24;1339;94;54;1.183;133;1584
ross_308;macho;25;1436;96;56;1.200;139;1724
ross_308;macho;26;1535;99;57;1.218;146;1869
ross_308;macho;27;1636;101;59;1.236;152;2021
ross_308;macho;28;1739;103;61;1.253;158;2180
ross_308;macho;29;1845;105;62;1.271;165;2344
ross_308;macho;30;1952;107;64;1.288;171;2515
ross_308;macho;31;2061;109;65;1.306;177;2691
ross_308;macho;32;2171;110;66;1.324;182;2874
ross_308;macho;33;2283;112;68;1.341;188;3062
ross_308;macho;34;2395;113;69;1.359;194;3256
ross_308;macho;35;2509;114;70;1.377;199;3455
ross_308;macho;36;2623;114;72;1.395;204;3659
ross_308;macho;37;2738;115;73;1.413;209;3868
ross_308;macho;38;2853;115;74;1.430;214;4081
ross_308;macho;39;2969;116;75;1.448;218;4300
ross_308;macho;40;3085;116;76;1.466;223;4522
ross_308;macho;41;3200;116;77;1.484;227;4749
ross_308;macho;42;3316;115;78;1.502;231;4980
ross_308;macho;43;3431;115;79;1.520;234;5214
ross_308;macho;44;3546;115;80;1.538;238;5452
ross_308;macho;45;3660;114;80;1.555;241;5693
ross_308;macho;46;3773;114;81;1.573;244;5937
ross_308;macho;47;3886;113;82;1.591;247;6184
ross_308;macho;48;3998;112;82;1.609;249;6433
ross_308;macho;49;4109;111;83;1.627;252;6685
ross_308;macho;50;4219;110;84;1.645;254;6938
ross_308;macho;51;4328;109;84;1.662;256;7194
ross_308;macho;52;4436;108;84;1.680;257;7452
ross_308;macho;53;4542;106;85;1.698;259;7711
ross_308;macho;54;4647;105;85;1.715;260;7971
ross_308;macho;55;4751;104;86;1.733;261;8232
ross_308;macho;56;4853;102;86;1.750;262;8495
ross_308;femea;0;44;0;0;0;0;0
ross_308;femea;1;62;18;0;0;13;13
ross_308;femea;2;81;19;17;0;17;30
ross_308;femea;3;102;21;21;0;21;51
ross_308;femea;4;126;24;24;0;24;75
ross_308;femea;5;152;27;28;0;28;103
ross_308;femea;6;181;29;31;0;31;134
ross_308;femea;7;214;33;24;0.792;35;169
ross_308;femea;8;250;36;26;0.835;39;208
ross_308;femea;9;289;39;27;0.871;43;251
ross_308;femea;10;331;42;29;0.902;47;298
ross_308;femea;11;376;45;30;0.930;51;349
ross_308;femea;12;425;49;32;0.955;56;405
ross_308;femea;13;477;52;33;0.978;60;465
ross_308;femea;14;532;55;35;0.999;65;530
ross_308;femea;15;590;58;36;1.019;70;600
ross_308;femea;16;651;61;38;1.039;75;675
ross_308;femea;17;715;64;39;1.058;80;755
ross_308;femea;18;782;67;41;1.076;85;840
ross_308;femea;19;851;70;43;1.095;91;931
ross_308;femea;20;924;72;44;1.113;96;1027
ross_308;femea;21;998;75;45;1.131;101;1128
ross_308;femea;22;1075;77;47;1.150;107;1235
ross_308;femea;23;1154;79;48;1.168;112;1347
ross_308;femea;24;1235;81;50;1.186;117;1464
ross_308;femea;25;1318;83;51;1.205;123;1587
ross_308;femea;26;1402;84;52;1.223;128;1715
ross_308;femea;27;1488;86;53;1.242;133;1848
ross_308;femea;28;1575;87;55;1.261;138;1986
ross_308;femea;29;1664;88;56;1.280;143;2129
ross_308;femea;30;1753;89;57;1.298;148;2277
ross_308;femea;31;1844;90;58;1.317;152;2429
ross_308;femea;32;1935;91;59;1.337;157;2586
ross_308;femea;33;2026;92;60;1.356;161;2747
ross_308;femea;34;2118;92;61;1.375;166;2913
ross_308;femea;35;2211;92;62;1.394;170;3083
ross_308;femea;36;2303;93;63;1.413;174;3257
ross_308;femea;37;2396;93;64;1.433;177;3434
ross_308;femea;38;2489;93;64;1.452;181;3615
ross_308;femea;39;2581;92;65;1.472;184;3799
ross_308;femea;40;2673;92;66;1.491;187;3986
ross_308;femea;41;2765;92;66;1.511;190;4176
ross_308;femea;42;2856;91;67;1.530;193;4369
ross_308;femea;43;2946;91;68;1.549;196;4565
ross_308;femea;44;3036;90;68;1.569;198;4763
ross_308;femea;45;3125;89;68;1.588;201;4964
ross_308;femea;46;3214;88;69;1.608;203;5167
ross_308;femea;47;3301;87;69;1.627;205;5372
ross_308;femea;48;3387;86;70;1.647;206;5578
ross_308;femea;49;3473;85;70;1.666;208;5786
ross_308;femea;50;3557;84;70;1.686;209;5995
ross_308;femea;51;3640;83;71;1.705;211;6206
ross_308;femea;52;3722;82;71;1.724;212;6418
ross_308;femea;53;3803;81;71;1.743;213;6631
ross_308;femea;54;3883;80;71;1.763;214;6845
ross_308;femea;55;3961;78;71;1.782;214;7059
ross_308;femea;56;4038;77;71;1.801;215;7274
